{"cameraMode":{"drawMode":0,"name":"Shaded","section":"Shading Mode"},"sceneLighting":true,"audioPlay":false,"sceneViewState":{"m_AlwaysRefresh":false,"showFog":false,"showSkybox":true,"showFlares":true,"showImageEffects":true,"showParticleSystems":true,"showVisualEffectGraphs":true,"m_FxEnabled":true},"in2DMode":false,"pivot":{"x":-1.6659178733825684,"y":2.5600202083587648,"z":-3.0623927116394045},"rotation":{"x":-0.09092788398265839,"y":0.6655350923538208,"z":-0.08237912505865097,"w":-0.7362772822380066},"size":1.7660253047943116,"orthographic":false}